code,system
12563001,gprdproduct
12562001,gprdproduct
6680009,gprdproduct
6633009,gprdproduct
6593009,gprdproduct
6588009,gprdproduct
2304001,gprdproduct
6485009,gprdproduct
6484009,gprdproduct
6632009,gprdproduct
6587009,gprdproduct
2304002,gprdproduct
6592009,gprdproduct
6679009,gprdproduct
6518009,gprdproduct
6519009,gprdproduct
6526009,gprdproduct
6525009,gprdproduct
5322001,gprdproduct
5323001,gprdproduct
6771009,gprdproduct
6770009,gprdproduct
12056001,gprdproduct
10895001,gprdproduct
12057001,gprdproduct
10891001,gprdproduct
6591009,gprdproduct
6590009,gprdproduct
6520009,gprdproduct
6521009,gprdproduct
2315001,gprdproduct
2315002,gprdproduct
14027001,gprdproduct
6514009,gprdproduct
6513009,gprdproduct
6476009,gprdproduct
6475009,gprdproduct